# Backup diplomski na dan 30-11-2010_17-46-30;
	# Ime fajla : 30-11-2010_17-46-30_diplomski.sql;
	#; 
	# Generated by backup script by mangup@gmail.com;
	TRUNCATE TABLE galerija;
REPLACE INTO galerija  (idga, naziv, idka, idko, datum)  VALUES ('4', 'Seget Vranjica', '23', '1', '1290688313');
REPLACE INTO galerija  (idga, naziv, idka, idko, datum)  VALUES ('3', 'Pariz', '24', '1', '1290617032');
REPLACE INTO galerija  (idga, naziv, idka, idko, datum)  VALUES ('5', 'Pejzaži', '26', '1', '1290775425');
TRUNCATE TABLE galerija_slike;
REPLACE INTO galerija_slike  (idsl, url, naziv, idga)  VALUES ('7', 'seget_medena_5_25-11-10-13-32-54.jpg', 'Seget - Medena - sport', '4');
REPLACE INTO galerija_slike  (idsl, url, naziv, idga)  VALUES ('6', 'seget_medena_4_25-11-10-13-32-53.jpg', 'Seget - Medena plaža', '4');
REPLACE INTO galerija_slike  (idsl, url, naziv, idga)  VALUES ('4', 'p6_24-11-10-17-44-46.jpg', 'Pariz noću', '3');
REPLACE INTO galerija_slike  (idsl, url, naziv, idga)  VALUES ('5', 'pariz1_24-11-10-17-44-47.jpg', 'Pariz sa visine', '3');
REPLACE INTO galerija_slike  (idsl, url, naziv, idga)  VALUES ('8', 'seget_donji_3_25-11-10-13-33-12.jpg', 'Seget Donji', '4');
REPLACE INTO galerija_slike  (idsl, url, naziv, idga)  VALUES ('9', 'debelobrdo1_26-11-10-13-44-28.jpg', 'Debelo brdo', '5');
REPLACE INTO galerija_slike  (idsl, url, naziv, idga)  VALUES ('10', 'pejzaz-izlaska-sunca_26-11-10-13-44-29.jpg', 'Izlazak sunca', '5');
REPLACE INTO galerija_slike  (idsl, url, naziv, idga)  VALUES ('11', 'coastal_holiday,_sand_beach_27-11-10-16-08-11.jpg', 'Coastal - Sand Beach', '5');
REPLACE INTO galerija_slike  (idsl, url, naziv, idga)  VALUES ('12', '6876876jjjj_27-11-10-16-10-49.jpg', 'Deserted beach - Puerto-rico', '5');
REPLACE INTO galerija_slike  (idsl, url, naziv, idga)  VALUES ('13', '433424ff23_27-11-10-16-13-30.jpg', 'Unteraargletscher - Switzerland', '5');
TRUNCATE TABLE kategorija;
REPLACE INTO kategorija  (idka, naziv)  VALUES ('23', 'Hrvatska');
REPLACE INTO kategorija  (idka, naziv)  VALUES ('26', 'Egzotične destinacije');
REPLACE INTO kategorija  (idka, naziv)  VALUES ('24', 'Francuska');
TRUNCATE TABLE korisnik;
REPLACE INTO korisnik  (idko, ime, user, pass, mail)  VALUES ('1', 'Administrator', 'admin', 't35SIrZj.mN1k', 'mangup@gmail.com');
TRUNCATE TABLE ponuda;
REPLACE INTO ponuda  (idpo, naslov, ukratko, opsirno, datum, aktuelno, idka, idko, idga, slika)  VALUES ('6', 'Seget Vranjica', 'Nadomak Trogira malo mestašce u uvali Jadranskog mora. Prelepi pejzaži, kuća sa izlazom na plažu. Odlično za četvoročlanu porodicu.', '<p>\r\n	<strong>Seget Vranjica - Hrvatska</strong></p>\r\n<p style=\"text-align: justify;\">\r\n	Prelepo mesto kraj Trogira. Odlično za odmor, za one koji su željni opu&scaron;tanja i mira kraj mora. Ko se uželi &scaron;etnje i pogleda na jahte, tu su, na 10 minuta vožnje kolima, koliko treba do Trogira koji obiluje zanimljivim sadržajem za svakog turistu. Plaža sa blagim ulaskom u vodu, plićakom pogodnim za igru male dece...</p>\r\n<p>\r\n	&nbsp;</p>\r\n', '1290794707', '1', '23', '1', '4', 'seget_medena_4_25-11-10-13-31-03.jpg');
TRUNCATE TABLE stranica;
REPLACE INTO stranica  (idst, naslov, text, datum, idko)  VALUES ('1', 'o_agenciji', '<p>\r\n	<img alt=\"O agenciji\" src=\"/datoteke/images/Stranice/poslovnazena_large.jpg\" style=\"width: 120px; height: 180px; float: right; border-width: 1px; border-style: solid; margin: 5px;\" /></p>\r\n<p style=\"text-align: justify;\">\r\n	Turistička agencija &ldquo;Travel Tours &ldquo; osnovana je novembra, 2010. god. kao sastavni deo istoimenog d.o.o. u Subotici, sa sedi&scaron;tem u Marka Ore&scaron;kovića 16. Agencija je nastala kao rezultat rada i dugogodi&scaron;njeg agencijskog iskustva jednog broja ljudi.<br />\r\n	<br />\r\n	Ono čime se agencija može pohvaliti je raznovrsnost turističke ponude koja se ogleda u uspe&scaron;nom organizovanju putovanja u inostranstvo, seminara, naučnih skupova, đačkih ekskurzija, transfera, smje&scaron;taja, izleta, sa posebnim senzibilitetom za različitosti kada su u pitanju zahtevi i potrebe korisnika.<br />\r\n	<br />\r\n	Dobra komunikacija i sigurnost poslovanja sa ino-partnerima omogućavaju nam prepoznatljivost i zdravu konkurentnost u turističkoj ponudi. U na&scaron;em poslovanju akcenat je stavljen na bezbjednost korisnika usluga, po&scaron;tovanju njihove privatnosti, obezbeđivanju posebnih pogodnosti pri plaćanju sa krajnim ciljem da korisnik bude zadovoljan i da nam se iznova vraća. Kvalitet rada ove agencije procenićete koristeći na&scaron;e usluge, a dodatni kvalitet biće va&scaron;e uče&scaron;ce u kreiranju ponude.</p>\r\n<p style=\"text-align: center;\">\r\n	<img alt=\"Kancelarija 1\" src=\"/datoteke/images/Stranice/agencija4_large.jpg\" style=\"width: 180px; height: 135px; border-width: 1px; border-style: solid; margin: 5px;\" /><img alt=\"Kancelarija 2\" src=\"/datoteke/images/Stranice/agencija2_large.jpg\" style=\"width: 180px; height: 135px; border-width: 1px; border-style: solid; margin: 5px;\" /></p>\r\n', '1290861177', '1');
REPLACE INTO stranica  (idst, naslov, text, datum, idko)  VALUES ('2', 'uslovi_putovanja', '<p style=\"text-align: justify;\">\r\n	<b><font color=\"#3ea1d9\">1. SADRŽAJ ARANŽMANA</font></b><br />\r\n	<br />\r\n	Opisan je, preciziran i specificiran u pismenom programu. Ove usluge organizator je obavezan da u potpunosti ostvari na opisani način. Usluge i tro&scaron;kove koji nisu obuhvaćeni cenom aranžmana mogu, ali ne moraju biti specificirani u pismenom programu. Posete muzejima, kulturnim objektima, disko klubovima spadaju u individualne tro&scaron;kove osim ako nije drugačije navedeno u programu.<br />\r\n	<br />\r\n	<b><font color=\"#3ea1d9\">2.&nbsp; PRIJAVE I UPLATE</font></b><br />\r\n	<br />\r\n	Prijava je važeća isključivo uz pismeni Ugovor, overen od strane organizatora ili ovla&scaron;ćenog agenta, potpisan od strane korisnika usluga, uz uplaćenu akontaciju. Ukoliko u pismenom programu, koji je sastavni deo ugovora, nije drugačije navedeno, iznos akontacije je 30% vrednosti aranžmana. Uplatu celokupnog iznosa cene ugovorenog aranžmana, potrebno je izvr&scaron;iti 10 dana prije početka usluga.<br />\r\n	<br />\r\n	<b><font color=\"#3ea1d9\">3.&nbsp; CENE ARANŽMANA</font></b><br />\r\n	<br />\r\n	Kalkulisane su u vreme pripreme programa. Organizator je obavezan da navede datum predaje programa u &scaron;tampu kao i minimalan broj osoba za osnovu kalkulacije. Organizator može povećati cenu ako je poslije zaključenja ugovora do&scaron;lo do promene cena usluga sme&scaron;taja ili prevoza. Za povećanje do 10% nije potrebna saglasnost korisnika usluga. Ako povećanje cene prelazi 10% korisnik usluga može jednostrano raskinuti ugovor bez obaveze da nadoknadi &scaron;tetu organizatoru. U tom slučaju korisniku se mora vratiti kompletna uplata.<br />\r\n	<br />\r\n	<b><font color=\"#3ea1d9\">4.&nbsp; PRAVO ORGANIZATORA NA OTKAZ</font></b><br />\r\n	<br />\r\n	Organizator može otkazati aranžman potpuno ili delimično, ako pre, ili za vreme izvr&scaron;enja usluga nastupe vanredne okolnosti koje se ne mogu izbeći ili otkloniti, a koje bi, da su postojale za vreme objavljivanja i prodaje aranžmana bile opravdan razlog organizatora da program ne objavljuje i prijave ne prima. Organizator može otkazati aranžman i u slučaju nedovoljnog broja putnika predviđenih za pojedine vrste aranžmana. Organizator je dužan da o otkazu iz navedenih razloga obavesti putnike najmanje sedam dana pre početka usluga. U ovim slučajevima organizator nema obaveze na nadoknadu bilo kakve &scaron;tete korisniku usluga, a primljenu uplatu vraća u celosti.<br />\r\n	<br />\r\n	<b><font color=\"#3ea1d9\">5.&nbsp; ODUSTAJANJE OD KORI&Scaron;ĆENJA USLUGA</font></b><br />\r\n	<br />\r\n	Ukoliko korisnik ugovorenih usluga želi ili je primoran da otkaže aranžman, potrebno je da to učini pismeno. Datum pismenog otkaza predstavlja osnovu za obračun tro&scaron;kova otkaza na koje organizator ima pravo i to u zavisnosti od broja dana između datuma otkaza i datuma polaska:<br />\r\n	<br />\r\n	- do 30 dana pre polaska naplaćuju se manipulativni tro&scaron;kovi u visini 5% od ukupne cene aranžmana<br />\r\n	<br />\r\n	- za otkaz od 29 do 22 dana naplaćuje se 10% od cene<br />\r\n	<br />\r\n	- za otkaz od 21 do 15 dana naplaćuje se 30% od cene<br />\r\n	<br />\r\n	- za otkaz od 14 do 8 dana naplaćuje se 50% od cene<br />\r\n	<br />\r\n	- za otkaz od 7 do 1 dana naplaćuje se 80% od cene<br />\r\n	<br />\r\n	- za nedolazak na polazak organizator ima pravo na nadoknadu 100% vrednosti aranžmana<br />\r\n	<br />\r\n	Svojevoljnim prekidom usluga od strane korisnika, gubi se mogućnost refundacije od strane organizatora. Korisnik usluga će platiti samo stvarne odnosno učinjene tro&scaron;kove organizatoru putovanja, ukoliko odustane od putovanja zbog okolnosti koje nije mogao izbeći ili otkloniti i koje bi, da su postojale u vreme zaključenja ugovora, predstavljale opravdan razlog da se isti uop&scaron;te ne zaključuje. Organizator posebo napominje kod program sa fiksnim zakupom kapaciteta stvarni tro&scaron;kovi iznose minimum 80% od prodajne cene. Ukoliko korisnik sam ili uz pomoć organizatora obezbedi odgovarajuću zamenu, kompletna uplata mu se vraća.<br />\r\n	<br />\r\n	<b><font color=\"#3ea1d9\">6.&nbsp; OSIGURANJE OD ODUSTAJANJA PROUZROKOVANOG VI&Scaron;OM SILOM</font></b><br />\r\n	<br />\r\n	Ukoliko prilikom prijavljivanja putnik predvi&scaron;a mogućnost da zbog određenih okolnosti (koje mogu nastupiti kod njega ili u užoj porodici) neće biti u mogućnosti da krene na putovanje, odnosno započne. Ugovor o osiguranju od otkaza prouzrokovanog vi&scaron;om silom važi u slučaju bolesti ili smrti u užoj porodici. Ovakvo osiguranje iznosi 3.2% od ukupne cene aranžmana (osim ako u konkretnom programu nije drugačije naznačeno), a svoju uplatu aranžmana, ukoliko se slučaj vi&scaron;e sile zaista dogodi, putnik refundira od Osiguravajućeg zavoda, na osnovu dokumentacije koju sam obezbedi i priloži, sa potvrdom organizatora.<br />\r\n	<br />\r\n	<b><font color=\"#3ea1d9\">7.&nbsp; OBAVEZE ORGANIZATORA</font></b><br />\r\n	<br />\r\n	Organizator je dužan pona&scaron;ati se s pažnjom dobrog organizatora kako u izvr&scaron;enju usluga tako i pri izboru davaoca usluga, te se starati o pravima i interesima putnika saglasno sa dobrim običajima u turizmu. Organizator je dužan putniku pružiti sve usluge navedene u programu i cenovniku za pojedini aranžman i odgovarati putniku zbog eventualnog neizvr&scaron;enja usluga ili dela usluga. Organizator isključuje svaku odgovornost u slučaju promena i neizvr&scaron;enja usluga prouzrokovanih vi&scaron;om silom, te ka&scaron;njenja prevoznih sredstava koja ne povlači odgovornost prevoznika prema pozitivnim zakonskim propisima i medunarodnim konvencijama. Čekanje zbog graničnih formalnosti i procedure smatraju se vi&scaron;om silom.<br />\r\n	<br />\r\n	<b><font color=\"#3ea1d9\">8. OBAVEZE PUTNIKA</font></b><br />\r\n	<br />\r\n	Putnik je dužan starati se da on lično, njegovi dokumenti i stvari ispunjavaju uslove predviđene graničnim, carinskim, zdravstvenim i drugim propisima kako na&scaron;e zemlje tako i zemlje u koju putuje, pridržavati se kućnog reda u ugostiteljskim i sme&scaron;tajnim objektima, te sarađivati sa predstavnikom organizatora i davaocima usluga u dobroj nameri. U slučaju da pona&scaron;anje putnika prelazi granice zakonom dozvoljenog, predstavnik organizatora obavezan je da zatraži asistenciju ili intervenciju ovla&scaron;ćenih organa. Svojevoljnom prijavom za aranžman u kome se prevozi i u sme&scaron;tajnom objektu boravi grupa putnika, putnik je prihvatio po&scaron;tovanje satnice i pravila koje, u interesu grupe i korektnog ispunjenja svojih obaveza predviđa organizator. Kod nepo&scaron;tovanja ovih obaveza, putnik odgovara organizatoru za učinjenu &scaron;tetu, a organizator odbacuje svaku odgovornost za &scaron;tetu koju bi u tom slučaju mogao trpeti putnik.<br />\r\n	<br />\r\n	<b><font color=\"#3ea1d9\">9. PRTLJAG<br />\r\n	</font></b><br />\r\n	Organizator ne odgovara za uni&scaron;teni ili izgubljeni prtljag, niti za krađu prtljaga i dragocenosti u toku prevoza ili u sme&scaron;tajnom objektu. Preporučuje se osiguranje prtljaga kod osiguravajučeg dru&scaron;tva. U slučaju gubitka prtljaga potrebno je odmah, na licu mesta, sačiniti odgovarajući zapisnik s predstavnikom prevoznika ili sme&scaron;tajnog objekta i postupiti prema odredbama tog dokumenta. Organizator može posredovati između putnika i prevoznika odnosno sme&scaron;tajnog objekta, ali bez materijalnih obaveza prema ijednome.<br />\r\n	<br />\r\n	<b><font color=\"#3ea1d9\">10.&nbsp; REKLAMACIJE</font></b><br />\r\n	<br />\r\n	Sve reklamacije putnik je dužan da učini na licu mesta predstavniku organizatora ili predstavnika davaoca usluga. Ukoliko uzrok prigovoru nije moguće otkloniti, korisnik usluga i predstavnik organizatora ili davaoca usluga sačinjavaju je i potpisuju u pismenoj formi. Po zavr&scaron;etku aranžmana putnik ima zakonski rok od 8 dana da pismeno reklamira i postavi od&scaron;tetni zahtev organizatoru, uz dostavu na licu mesta sastavljenje pismene bele&scaron;ke. Reklamacije koje ne ispunjavaju ova dva uslova ne uzimaju se u razmatranje. Organizator je dužan doneti pismeno re&scaron;enje na reklamaciju i od&scaron;tetni zahtev u roku od 14 dana po prijemu. Dok organizator ne donese re&scaron;enje, korisnik usluga se odriče posredovanja bilo koje druge pravne osobe kao i davanja informacija u javnost. Maksimalna vrednost od&scaron;tete ne može preći iznos cene aranžmana (isključuje se pravo korisnika usluga na naknadu idealne &scaron;tete).<br />\r\n	<br />\r\n	<b><font color=\"#3ea1d9\">11.&nbsp; ZDRAVSTVENI PROPISI</font></b><br />\r\n	<br />\r\n	U slučaju bolesti u toku kori&scaron;ćenja aranžmana, tro&scaron;kovi liječenja padaju na teret putnika. Organizator savjetuje uplatu međunarodnog zdravstvenog osiguranja za period trajanja putovanja.<br />\r\n	<br />\r\n	<b><font color=\"#3ea1d9\">12.&nbsp; INFORMACIJE</font></b><br />\r\n	<br />\r\n	Organizatora obavezuju pismene informacije o sadržaju i kvalitetu ponuđenih usluga, koje je od&scaron;tampao u programu ili cenovniku za konkretan aranžman. Pismene informacije koje nije izdao organizator kao i usmene informacije na prodajnom mestu, kod predstavnika organizatora kao i kod trećih lica ne obavezuju organizatora vi&scaron;e od ponude u pismenom programu.</p>\r\n', '1290862922', '1');
REPLACE INTO stranica  (idst, naslov, text, datum, idko)  VALUES ('3', 'kontakt', '<table align=\"left\" border=\"0\" cellpadding=\"5\" cellspacing=\"5\" style=\"width: 294px; height: 71px;\">\r\n	<tbody>\r\n		<tr>\r\n			<td>\r\n				&nbsp;</td>\r\n			<td>\r\n				<strong>Kontakt informacije&nbsp;</strong></td>\r\n		</tr>\r\n		<tr>\r\n			<td>\r\n				<strong>Telefon:</strong></td>\r\n			<td>\r\n				063/589898</td>\r\n		</tr>\r\n		<tr>\r\n			<td>\r\n				<strong>Fax:</strong></td>\r\n			<td>\r\n				063/589898</td>\r\n		</tr>\r\n		<tr>\r\n			<td>\r\n				<strong>Adresa:</strong></td>\r\n			<td>\r\n				Vatroslava Lisinskog 16</td>\r\n		</tr>\r\n		<tr>\r\n			<td>\r\n				<strong>Grad:</strong></td>\r\n			<td>\r\n				Subotica</td>\r\n		</tr>\r\n	</tbody>\r\n</table>\r\n<p>\r\n	&nbsp;</p>\r\n<p>\r\n	&nbsp;</p>\r\n<p>\r\n	&nbsp;</p>\r\n<p>\r\n	&nbsp;</p>\r\n<p>\r\n	&nbsp;</p>\r\n<p>\r\n	&nbsp;</p>\r\n<p>\r\n	&nbsp;</p>\r\n<p>\r\n	Može te nas kontaktirati i preko web forme.</p>\r\n<p>\r\n	&nbsp;</p>\r\n', '1290871097', '1');
REPLACE INTO stranica  (idst, naslov, text, datum, idko)  VALUES ('4', 'galerija', '<p>\r\n	Na ovoj stranici pronaći će te slike sa na&scaron;ih putovanja.</p>\r\n', '1290870052', '1');
REPLACE INTO stranica  (idst, naslov, text, datum, idko)  VALUES ('5', 'ponude', '<p>\r\n	Na ovoj stranici možete da pregledate aktuelene ponude.</p>\r\n', '1290652928', '1');
